Main General;;;Covenant;;;;Skill Books (Level 4) Not Calculated;;;;Main Skill;;;;Full Ascension;;;;Full Specialties;;;;Full Covenant/Skin;;;;Attributes;;;Totals;;;;;Base Stats;;;;;;Base Growth;;;;;;;Rally Spot;Attack;Base Atk
#;A/U;General;MC;C1;C2;C3;ATK %;DEF %;HP %;MS %;ATK;DEF;HP;MS;ATK2;DEF3;HP4;MS5;ATK6;DEF7;HP8;MS9;ATK10;DEF11;HP12;MS13;ATK14;DEF15;HP16;ATK17;DEF18;HP19;MS20;Inc ATK;ATK18;DEF182;LDR;TOTAL ATK18;TOTAL DEF182;TOTAL LDR;ATK19;DEF4;LDR5;TOTAL ATK;TOTAL DEF;TOTAL LDR2;; 660.000 ; 4.070 ; 317.529.597.000 
#1;A;Algernon Sidney;Y;N;N;N; 25 ; 25 ; 25 ; 12 ; 45 ; 45 ; 30 ; -   ; 125 ; 60 ; 65 ; 18 ; 70 ; 35 ; 45 ; 6 ; 15 ; 5 ; 10 ; 8 ; 258 ; 229 ; 245 ; 468 ; 329 ; 365 ; 32 ;92,77B; 137 ; 124 ; 129 ; 1.737,94 ; 1.596,00 ; 1.675,02 ; 9,37 ; 8,24 ; 8,89 ; 23,32 ; 20,50 ; 22,12 ;; 3.055.100 ; 81.400 ;
#2;A;Rumyantsev;Y;N;N;N; 25 ; 25 ; 25 ; 12 ; 60 ; 40 ; 60 ; -   ; 145 ; 85 ; 120 ; 8 ; 80 ; 60 ; 20 ; 6 ; 10 ; 10 ; 10 ; 10 ; 265 ; 243 ; 246 ; 500 ; 398 ; 396 ; 24 ;92,38B; 136 ; 126 ; 130 ; 1.775,45 ; 1.663,90 ; 1.679,49 ; 9,71 ; 8,82 ; 8,92 ; 24,16 ; 21,95 ; 22,20 ;;;;
#3;A;Marcian;Y;N;N;N; 25 ; 25 ; 25 ; 12 ; 60 ; 60 ; 45 ; -   ; 150 ; 90 ; 110 ; 8 ; 85 ; 75 ; 50 ; -   ; 20 ; 15 ; 20 ; 10 ; 258 ; 241 ; 247 ; 513 ; 421 ; 427 ; 18 ;90,25B; 134 ; 125 ; 127 ; 1.741,57 ; 1.657,17 ; 1.683,11 ; 9,43 ; 8,77 ; 8,98 ; 23,46 ; 21,82 ; 22,35 ;;Troop Tier; T14 ;
#4;A;Hatshepsut;Y;N;N;Y; 25 ; 25 ; 25 ; 12 ; 55 ; 40 ; 55 ; -   ; 130 ; 85 ; 70 ; 14 ; 85 ; 60 ; 50 ; 6 ; 28 ; 15 ; 10 ; 5 ; 239 ; 241 ; 249 ; 482 ; 401 ; 379 ; 25 ;90,20B; 131 ; 124 ; 124 ; 1.644,25 ; 1.653,84 ; 1.695,81 ; 8,60 ; 8,75 ; 9,12 ; 21,40 ; 21,77 ; 22,69 ;;Rally Sppot Level; RS 42 ;
#5;U;Ahmose I;Y;N;N;Y; 25 ; 25 ; 25 ; 12 ; 55 ; 55 ; 40 ; -   ; 120 ; 105 ; 85 ; 5 ; 85 ; 10 ; 55 ; 10 ; 33 ; 15 ; 10 ; 8 ; 245 ; 240 ; 241 ; 483 ; 370 ; 391 ; 23 ;88,99B; 130 ; 127 ; 125 ; 1.674,95 ; 1.647,95 ; 1.653,77 ; 8,88 ; 8,67 ; 8,74 ; 22,10 ; 21,57 ; 21,75 ;;Buff %; 2.000 ;
#6;A;Artemisia I;Y;N;N;N; 25 ; 25 ; 25 ; 12 ; 55 ; 55 ; 35 ; -   ; 130 ; 95 ; 100 ; 10 ; 80 ; 40 ; 50 ; -   ; 15 ; 10 ; 10 ; 8 ; 267 ; 240 ; 239 ; 492 ; 385 ; 399 ; 18 ;86,93B; 129 ; 126 ; 127 ; 1.785,04 ; 1.648,02 ; 1.643,41 ; 9,86 ; 8,68 ; 8,63 ; 24,53 ; 21,60 ; 21,47 ;;RS Buffed; 3.055.100 ;
#7;U;Visconti;Y;N;N;N; 25 ; 25 ; 25 ; 12 ; 60 ; 60 ; 45 ; -   ; 120 ; 120 ; 75 ; 8 ; 85 ; 65 ; 65 ; -   ; 20 ; 15 ; 20 ; 10 ; 257 ; 236 ; 248 ; 482 ; 436 ; 408 ; 18 ;85,29B; 133 ; 123 ; 129 ; 1.732,57 ; 1.628,97 ; 1.688,63 ; 9,36 ; 8,54 ; 9,01 ; 23,29 ; 21,25 ; 22,42 ;;General Lvl; 44 ;
#8;A;Charles VI;Y;N;N;N; 25 ; 25 ; 25 ; 12 ; 55 ; 40 ; 55 ; -   ; 135 ; 130 ; 125 ; 10 ; 75 ; 60 ; 60 ; -   ; 20 ; 10 ; 15 ; 8 ; 248 ; 237 ; 245 ; 478 ; 437 ; 445 ; 18 ;84,69B; 131 ; 121 ; 129 ; 1.688,48 ; 1.637,05 ; 1.677,29 ; 8,99 ; 8,63 ; 8,91 ; 22,37 ; 21,47 ; 22,17 ;;Victory Column; VC 6 ;0,06
#9;U;James Cook;Y;N;N;Y; -   ; 25 ; 25 ; 12 ; 50 ; 40 ; 40 ; -   ; 120 ; 85 ; 80 ; -   ; 75 ; 20 ; 40 ; 10 ; 15 ; 5 ; 15 ; 8 ; 245 ; 239 ; 240 ; 455 ; 349 ; 375 ; 18 ;81,08B; 130 ; 127 ; 124 ; 1.672,68 ; 1.645,68 ; 1.650,44 ; 8,86 ; 8,65 ; 8,72 ; 22,05 ; 21,52 ; 21,70 ;;;;
#10;U;Gonzalo;Y;N;Y;N; 25 ; 25 ; 25 ; 12 ; 55 ; -   ; 55 ; 8 ; 120 ; 65 ; 85 ; 8 ; 80 ; 50 ; 60 ; -   ; 20 ; 10 ; 10 ; 6 ; 242 ; 241 ; 246 ; 462 ; 366 ; 401 ; 14 ;79,47B; 128 ; 125 ; 138 ; 1.659,22 ; 1.652,64 ; 1.682,29 ; 8,76 ; 8,73 ; 8,87 ; 21,80 ; 21,72 ; 22,07 ;;;;
#11;A;Ragnar;Y;Y;N;Y; 25 ; 25 ; 25 ; 12 ; 45 ; 45 ; 35 ; -   ; 105 ; 85 ; 75 ; 8 ; 75 ; 45 ; 35 ; 6 ; 20 ; 10 ; 10 ; -   ; 257 ; 227 ; 244 ; 457 ; 367 ; 364 ; 14 ;78,71B; 135 ; 118 ; 124 ; 1.734,69 ; 1.587,37 ; 1.668,59 ; 9,36 ; 8,22 ; 8,88 ; 23,29 ; 20,45 ; 22,10 ;;;;
#12;U;Franz Joseph I;Y;Y;N;N; -   ; 25 ; 25 ; 12 ; 50 ; 40 ; 40 ; -   ; 90 ; 90 ; 70 ; 8 ; 70 ; 50 ; 40 ; 6 ; 5 ; 10 ; 10 ; 8 ; 252 ; 249 ; 247 ; 417 ; 399 ; 367 ; 22 ;77,89B; 133 ; 128 ; 125 ; 1.708,75 ; 1.693,24 ; 1.685,53 ; 9,15 ; 9,06 ; 9,02 ; 22,77 ; 22,54 ; 22,44 ;;;;
#13;U;Sigurd;Y;Y;N;N; 25 ; 25 ; 25 ; 12 ; 45 ; 30 ; 45 ; -   ; 103 ; 48 ; 63 ; 10 ; 70 ; 50 ; 50 ; -   ; 10 ; 10 ; 10 ; 8 ; 246 ; 250 ; 237 ; 429 ; 358 ; 360 ; 18 ;77,13B; 125 ; 129 ; 119 ; 1.680,99 ; 1.699,97 ; 1.633,80 ; 8,98 ; 9,11 ; 8,62 ; 22,35 ; 22,67 ; 21,45 ;;;;
#14;A;Brian Boru;Y;N;N;Y; 25 ; 25 ; 25 ; 12 ; 50 ; 35 ; 50 ;; 125 ; 95 ; 110 ; 10 ; 70 ; 45 ; 55 ;; 15 ; 10 ; 15 ;; 244 ; 238 ; 239 ; 454 ; 388 ; 419 ; 10 ;75,56B; 130 ; 122 ; 125 ; 1.671,55 ; 1.641,52 ; 1.644,70 ; 8,85 ; 8,66 ; 8,66 ; 22,02 ; 21,55 ; 21,55 ;;;;
#15;A;Maarten Tromp (SvS);N;N;N;N; 25 ; 25 ; 25 ; 12 ; 55 ; 20 ; -   ; -   ; 105 ; 120 ; 25 ; 15 ; 65 ; 20 ; 40 ; -   ; -   ; -   ; -   ; -   ; 243 ; 240 ; 245 ; 413 ; 380 ; 310 ; 15 ;72,56B; 118 ; 111 ; 117 ; 1.664,50 ; 1.649,14 ; 1.677,05 ; 8,90 ; 8,83 ; 9,02 ; 22,15 ; 21,97 ; 22,44 ;;;;
#16;A;Douglas;N;N;Y;N; 25 ; 25 ; 25 ; 12 ; 40 ; 15 ; -   ; -   ; 85 ; 70 ; 65 ; 10 ; 65 ; 45 ; 10 ; 6 ; 10 ; -   ; -   ; -   ; 247 ; 242 ; 244 ; 407 ; 357 ; 319 ; 16 ;72,33B; 124 ; 114 ; 122 ; 1.685,60 ; 1.657,99 ; 1.668,74 ; 9,03 ; 8,88 ; 8,90 ; 22,47 ; 22,10 ; 22,15 ;;;;
#17;A;Marcus Agrippa;Y;N;N;N; 25 ; 25 ; 25 ; 12 ; 40 ; 30 ; 30 ; -   ; 90 ; 95 ; 65 ; 8 ; 70 ; 60 ; 10 ; -   ; 15 ; 5 ; 5 ; -   ; 245 ; 241 ; 243 ; 420 ; 401 ; 323 ; 8 ;68,98B; 120 ; 113 ; 117 ; 1.676,82 ; 1.653,53 ; 1.664,57 ; 8,99 ; 8,85 ; 8,91 ; 22,37 ; 22,02 ; 22,17 ;;;;
#18;A;Merlin;Y;N;N;Y; 25 ; 25 ; 25 ; 12 ; 45 ; 30 ; 45 ; -   ; 105 ; 90 ; 95 ; -   ; 70 ; 50 ; 25 ; -   ; 5 ; 5 ; 10 ; 5 ; 250 ; 245 ; 246 ; 430 ; 390 ; 376 ; 5 ;68,35B; 129 ; 121 ; 123 ; 1.697,71 ; 1.675,62 ; 1.682,27 ; 9,09 ; 8,97 ; 9,01 ; 22,62 ; 22,32 ; 22,42 ;;;;
#19;A;Mihai;N;N;N;N; 25 ; 25 ; 25 ; 12 ; 45 ; 45 ; -   ; -   ; 95 ; 95 ; 45 ; 10 ; 65 ; 50 ; 20 ; -   ; -   ; -   ; -   ; -   ; 247 ; 242 ; 241 ; 407 ; 387 ; 306 ; 10 ;68,23B; 120 ; 117 ; 118 ; 1.683,63 ; 1.660,03 ; 1.655,42 ; 9,05 ; 8,87 ; 8,82 ; 22,52 ; 22,07 ; 21,95 ;;;;
#20;A;Charles XII;N;N;N;Y; 25 ; 25 ; 25 ; 12 ; 40 ; 10 ; -   ; 10 ; 70 ; 85 ; 25 ; 16 ; 65 ; 30 ; 20 ; -   ; -   ; -   ; -   ; -   ; 244 ; 247 ; 240 ; 379 ; 362 ; 285 ; 16 ;68,03B; 121 ; 120 ; 112 ; 1.672,21 ; 1.687,03 ; 1.649,06 ; 8,94 ; 9,08 ; 8,82 ; 22,25 ; 22,59 ; 21,95 ;;;;
#21;U;Subutai;N;N;N;Y; -   ; 25 ; 25 ; 12 ; 40 ; 20 ; 20 ; -   ; 75 ; 70 ; 35 ; 8 ; 65 ; 45 ; 10 ; 6 ; -   ; -   ; -   ; -   ; 246 ; 240 ; 240 ; 386 ; 355 ; 285 ; 14 ;67,69B; 120 ; 112 ; 115 ; 1.679,09 ; 1.649,06 ; 1.652,24 ; 9,01 ; 8,82 ; 8,82 ; 22,42 ; 21,95 ; 21,95 ;;;;
#22;U;Godfrey of Bouillon;Y;N;N;N; 25 ; 25 ; 25 ; 12 ; 40 ; 10 ; 40 ; -   ; 75 ; 65 ; 85 ; 10 ; 50 ; 30 ; 30 ; 6 ; 5 ; 5 ; -   ; -   ; 247 ; 236 ; 246 ; 377 ; 336 ; 361 ; 16 ;67,64B; 121 ; 111 ; 119 ; 1.684,69 ; 1.632,12 ; 1.678,03 ; 9,05 ; 8,68 ; 9,01 ; 22,52 ; 21,60 ; 22,42 ;;;;
#23;A;Elektra;N;Y;N;N; 25 ; 25 ; 25 ; 12 ; 35 ; -   ; -   ; -   ; 70 ; 40 ; -   ; 10 ; 56 ; 10 ; 20 ; 6 ; 10 ; -   ; 15 ; -   ; 241 ; 247 ; 245 ; 377 ; 297 ; 280 ; 16 ;67,58B; 110 ; 115 ; 115 ; 1.652,61 ; 1.685,13 ; 1.676,06 ; 8,87 ; 9,11 ; 9,03 ; 22,07 ; 22,67 ; 22,47 ;;;;
#24;A;Princess Kaguya;N;N;N;N; 25 ; 25 ; 25 ; 12 ; 35 ; -   ; 30 ; -   ; 60 ; 35 ; 60 ; 14 ; 56 ; 25 ; 15 ; 6 ; -   ; -   ; -   ; -   ; 240 ; 244 ; 243 ; 356 ; 304 ; 318 ; 20 ;67,10B; 114 ; 116 ; 115 ; 1.652,32 ; 1.669,18 ; 1.663,59 ; 8,83 ; 8,96 ; 8,92 ; 21,97 ; 22,30 ; 22,20 ;;;;
#25;U;Winfield Scott;N;N;N;N; 25 ; 25 ; 25 ; 12 ; 25 ; -   ; -   ; -   ; 50 ; 25 ; 25 ; 10 ; 61 ; 10 ; -   ; 10 ; -   ; -   ; -   ; -   ; 238 ; 238 ; 239 ; 349 ; 273 ; 264 ; 20 ;65,89B; 113 ; 113 ; 112 ; 1.638,78 ; 1.637,65 ; 1.645,66 ; 8,72 ; 8,71 ; 8,79 ; 21,70 ; 21,67 ; 21,87 ;;;;
#26;A;Wallenstein;N;N;N;N; 25 ; 25 ; 25 ; 12 ; 25 ; -   ; -   ; -   ; 60 ; 30 ; 40 ; 14 ; 66 ; -   ; 10 ; -   ; -   ; -   ; -   ; -   ; 244 ; 242 ; 246 ; 370 ; 272 ; 296 ; 14 ;65,31B; 118 ; 116 ; 122 ; 1.672,44 ; 1.660,11 ; 1.682,35 ; 8,97 ; 8,88 ; 9,02 ; 22,32 ; 22,10 ; 22,44 ;;;;
#27;U;Tachibana Ginchiyo;Y;N;Y;N; -   ; 25 ; 25 ; 12 ; 45 ; 35 ; 35 ; -   ; 90 ; 75 ; 85 ; 8 ; 55 ; 50 ; 50 ; -   ; 5 ; 10 ; 10 ; -   ; 244 ; 239 ; 246 ; 394 ; 374 ; 391 ; 8 ;64,96B; 126 ; 121 ; 130 ; 1.670,71 ; 1.646,13 ; 1.680,62 ; 8,88 ; 8,71 ; 8,93 ; 22,10 ; 21,67 ; 22,22 ;;;;
#28;U;Louis IX;N;N;Y;Y; -   ; 25 ; 25 ; 12 ; 40 ; 45 ; -   ; -   ; 80 ; 85 ; 30 ; -   ; 70 ; 40 ; 20 ; 6 ; -   ; -   ; -   ; -   ; 246 ; 241 ; 242 ; 396 ; 366 ; 292 ; 6 ;63,97B; 121 ; 118 ; 114 ; 1.682,42 ; 1.655,42 ; 1.659,12 ; 9,03 ; 8,82 ; 8,89 ; 22,47 ; 21,95 ; 22,12 ;;;;
#29;A;Eleanor;N;N;Y;N; 25 ; 25 ; 25 ; 12 ; 35 ; 35 ; -   ; 10 ; 60 ; 60 ; 25 ; 10 ; 70 ; 20 ; 10 ; -   ; -   ; -   ; -   ; -   ; 243 ; 246 ; 238 ; 373 ; 326 ; 273 ; 10 ;63,10B; 115 ; 123 ; 116 ; 1.666,99 ; 1.682,27 ; 1.641,96 ; 8,95 ; 9,01 ; 8,72 ; 22,27 ; 22,42 ; 21,70 ;;;;
#30;A;Thutmose III;N;N;Y;N; 25 ; 25 ; 25 ; 12 ; 30 ; -   ; -   ; -   ; 65 ; 15 ; 15 ; 14 ; 46 ; 30 ; -   ; -   ; -   ; -   ; -   ; -   ; 245 ; 241 ; 241 ; 356 ; 286 ; 256 ; 14 ;62,99B; 116 ; 112 ; 114 ; 1.672,58 ; 1.653,60 ; 1.654,59 ; 8,99 ; 8,86 ; 8,85 ; 22,37 ; 22,05 ; 22,02 ;;;;
#31;A;James Conrad;N;N;N;N; 25 ; 25 ; 25 ; 12 ; 30 ; 35 ; 35 ; -   ; 75 ; 80 ; 80 ; 10 ; 50 ; 20 ; 40 ; -   ; -   ; -   ; -   ; -   ; 245 ; 240 ; 245 ; 370 ; 340 ; 365 ; 10 ;62,64B; 119 ; 115 ; 119 ; 1.676,90 ; 1.651,11 ; 1.673,50 ; 9,00 ; 8,81 ; 8,97 ; 22,39 ; 21,92 ; 22,32 ;;;;
#32;A;Tomyris;N;Y;N;N; 25 ; 25 ; 25 ; 12 ; 35 ; -   ; -   ; -   ; 65 ; 20 ; 45 ; 14 ; 55 ; 10 ; 45 ; -   ; -   ; -   ; -   ; -   ; 233 ; 250 ; 246 ; 353 ; 280 ; 336 ; 14 ;62,58B; 108 ; 116 ; 112 ; 1.614,20 ; 1.698,67 ; 1.681,95 ; 8,55 ; 9,22 ; 9,11 ; 21,28 ; 22,94 ; 22,67 ;;;;
#33;U;Li Shimin;N;N;Y;N; 25 ; 25 ; 25 ; 12 ; 15 ; -   ; -   ; 10 ; 50 ; 15 ; 15 ; 10 ; 46 ; 26 ; 36 ; 6 ; -   ; -   ; -   ; -   ; 235 ; 225 ; 248 ; 331 ; 266 ; 299 ; 16 ;60,50B; 112 ; 106 ; 113 ; 1.625,25 ; 1.574,65 ; 1.690,95 ; 8,61 ; 8,22 ; 9,18 ; 21,42 ; 20,45 ; 22,84 ;;;;
#34;U;Edward III;N;Y;Y;Y; 25 ; 25 ; 25 ; 12 ; 25 ; 15 ; -   ; -   ; 65 ; 37 ; 28 ; 6 ; 65 ; 10 ; 35 ; -   ; -   ; -   ; -   ; -   ; 243 ; 245 ; 243 ; 373 ; 292 ; 306 ; 6 ;60,44B; 119 ; 114 ; 121 ; 1.666,69 ; 1.673,87 ; 1.665,41 ; 8,91 ; 9,02 ; 8,88 ; 22,17 ; 22,44 ; 22,10 ;;;;
#35;A;Simeon the Great;N;N;N;N; 25 ; 25 ; 25 ; 12 ; 35 ; -   ; -   ; -   ; 75 ; -   ; 50 ; -   ; 61 ; 45 ; -   ; 6 ; -   ; -   ; -   ; -   ; 236 ; 249 ; 247 ; 372 ; 294 ; 297 ; 6 ;60,16B; 110 ; 115 ; 115 ; 1.627,66 ; 1.693,07 ; 1.686,27 ; 8,65 ; 9,18 ; 9,12 ; 21,52 ; 22,84 ; 22,69 ;;;;
#36;U;Arthur Wellesley;N;N;N;N; 25 ; 25 ; 25 ; 12 ; 40 ; 25 ; 25 ; -   ; 95 ; 95 ; 90 ; -   ; 50 ; 50 ; 40 ; -   ; -   ; -   ; -   ; -   ; 249 ; 243 ; 247 ; 394 ; 388 ; 377 ; -   ;59,61B; 119 ; 116 ; 117 ; 1.696,18 ; 1.663,51 ; 1.684,99 ; 9,17 ; 8,91 ; 9,09 ; 22,82 ; 22,17 ; 22,62 ;;;;
#37;A;Gnarr;N;Y;N;Y; 25 ; 25 ; 25 ; 12 ; 35 ; -   ; -   ; -   ; 45 ; 20 ; 15 ; 14 ; 51 ; -   ; 10 ; -   ; -   ; -   ; -   ; -   ; 237 ; 240 ; 249 ; 333 ; 260 ; 274 ; 14 ;59,51B; 113 ; 112 ; 112 ; 1.635,38 ; 1.651,33 ; 1.693,30 ; 8,69 ; 8,84 ; 9,21 ; 21,62 ; 22,00 ; 22,92 ;;;;
#38;U;Elizabeth I;N;N;Y;N; 25 ; 25 ; 25 ; 12 ; 15 ; -   ; -   ; -   ; 30 ; 20 ; 20 ; 14 ; 40 ; 20 ; 10 ; 6 ; -   ; -   ; -   ; -   ; 238 ; 236 ; 238 ; 308 ; 276 ; 268 ; 20 ;59,47B; 113 ; 112 ; 115 ; 1.638,78 ; 1.629,78 ; 1.642,04 ; 8,72 ; 8,65 ; 8,73 ; 21,70 ; 21,52 ; 21,72 ;;;;
#39;A;Alfred the Great;N;N;Y;N; 25 ; 25 ; 25 ; 12 ; 30 ; -   ; -   ; -   ; 55 ; 20 ; 30 ; -   ; 65 ; 20 ; 10 ; 6 ; -   ; -   ; -   ; -   ; 236 ; 242 ; 246 ; 356 ; 282 ; 286 ; 6 ;57,75B; 112 ; 116 ; 117 ; 1.628,65 ; 1.658,97 ; 1.678,18 ; 8,64 ; 8,87 ; 9,03 ; 21,50 ; 22,07 ; 22,47 ;;;;
#40;U;Minamoto No Yoshitsune;N;Y;N;N; -   ; 25 ; 25 ; 12 ; 40 ; -   ; -   ; -   ; 65 ; 20 ; 30 ; -   ; 76 ; 10 ; 20 ; -   ; -   ; -   ; -   ; -   ; 233 ; 240 ; 245 ; 374 ; 270 ; 295 ; -   ;56,55B; 113 ; 117 ; 112 ; 1.614,96 ; 1.648,69 ; 1.672,88 ; 8,51 ; 8,77 ; 9,03 ; 21,18 ; 21,82 ; 22,47 ;;;;
#41;U;Edward the Black Prince;N;Y;N;N; -   ; 25 ; 25 ; 12 ; 25 ; -   ; -   ; -   ; 55 ; -   ; -   ; 10 ; 46 ; 10 ; 46 ; -   ; -   ; -   ; -   ; -   ; 229 ; 241 ; 243 ; 330 ; 251 ; 289 ; 10 ;56,49B; 109 ; 116 ; 111 ; 1.597,11 ; 1.654,44 ; 1.663,88 ; 8,39 ; 8,83 ; 8,96 ; 20,88 ; 21,97 ; 22,30 ;;;;
#42;U;Toyotomi;N;N;N;N; 25 ; 25 ; 25 ; 12 ; 20 ; 10 ; 10 ; -   ; 55 ; 35 ; 30 ; 10 ; 30 ; 20 ; 30 ; -   ; -   ; -   ; -   ; -   ; 245 ; 238 ; 245 ; 330 ; 293 ; 305 ; 10 ;56,48B; 120 ; 111 ; 120 ; 1.676,82 ; 1.640,06 ; 1.676,82 ; 8,99 ; 8,75 ; 8,99 ; 22,37 ; 21,77 ; 22,37 ;;;;
#43;A;Genghis Khan;N;Y;N;N; 25 ; 25 ; 25 ; -   ; -   ; -   ; -   ; 15 ; 15 ; -   ; 10 ; 15 ; -   ; -   ; -   ; 16 ; -   ; -   ; -   ; -   ; 218 ; 236 ; 246 ; 233 ; 236 ; 256 ; 31 ;54,61B; 105 ; 110 ; 118 ; 1.538,43 ; 1.628,80 ; 1.679,24 ; 7,91 ; 8,66 ; 9,03 ; 19,68 ; 21,55 ; 22,47 ;;;;
#44;U;Henry V;N;N;Y;N; 25 ; 25 ; 25 ; 12 ; 30 ; 10 ; 10 ; -   ; 60 ; 40 ; 40 ; -   ; 46 ; 10 ; -   ; -   ; -   ; -   ; -   ; -   ; 246 ; 241 ; 241 ; 352 ; 291 ; 281 ; -   ;53,27B; 118 ; 114 ; 115 ; 1.681,51 ; 1.654,59 ; 1.653,38 ; 9,05 ; 8,85 ; 8,83 ; 22,52 ; 22,02 ; 21,97 ;;;;
#45;U;Mason Weaver;N;N;N;N; 25 ; 25 ; 25 ; 12 ; 20 ; 25 ; 25 ; -   ; 60 ; 45 ; 45 ; -   ; 50 ; 10 ; 20 ; -   ; -   ; -   ; -   ; -   ; 239 ; 247 ; 242 ; 349 ; 302 ; 307 ; -   ;52,81B; 118 ; 123 ; 111 ; 1.646,35 ; 1.686,81 ; 1.660,48 ; 8,74 ; 9,05 ; 8,93 ; 21,75 ; 22,52 ; 22,22 ;;;;
#46;U;Gustavus Adolphus;N;Y;N;N; 25 ; 25 ; 25 ; 12 ; 15 ; -   ; -   ; -   ; 40 ; -   ; -   ; 10 ; 26 ; -   ; 16 ; -   ; -   ; -   ; -   ; -   ; 237 ; 224 ; 242 ; 303 ; 224 ; 258 ; 10 ;52,35B; 115 ; 95 ; 106 ; 1.637,50 ; 1.569,80 ; 1.660,85 ; 8,69 ; 8,28 ; 8,98 ; 21,62 ; 20,60 ; 22,35 ;;;;
#47;U;Jumong;N;N;N;N; -   ; 25 ; 25 ; 12 ; 35 ; -   ; -   ; -   ; 60 ; 25 ; 25 ; 10 ; 26 ; 16 ; 10 ; -   ; -   ; -   ; -   ; -   ; 210 ; 240 ; 231 ; 296 ; 281 ; 266 ; 10 ;51,26B; 105 ; 112 ; 108 ; 1.502,14 ; 1.650,20 ; 1.607,40 ; 7,59 ; 8,83 ; 8,49 ; 18,89 ; 21,97 ; 21,13 ;;;;
#48;;;N;N;N;N; -   ; -   ; -   ; -   ; -   ; -   ; -   ; -   ; -   ; -   ; -   ; -   ; -   ; -   ; -   ; -   ; -   ; -   ; -   ; -   ; 16 ; 16 ; 16 ; 16 ; 16 ; 16 ; -   ;2,42B; -   ; -   ; -   ; 530,00 ; 530,00 ; 530,00 ; -   ; -   ; -   ; -   ; -   ; -   ;;;;
#49;;;N;N;N;N; -   ; -   ; -   ; -   ; -   ; -   ; -   ; -   ; -   ; -   ; -   ; -   ; -   ; -   ; -   ; -   ; -   ; -   ; -   ; -   ; 16 ; 16 ; 16 ; 16 ; 16 ; 16 ; -   ;2,42B; -   ; -   ; -   ; 530,00 ; 530,00 ; 530,00 ; -   ; -   ; -   ; -   ; -   ; -   ;;;;
#50;;;N;N;N;N; -   ; -   ; -   ; -   ; -   ; -   ; -   ; -   ; -   ; -   ; -   ; -   ; -   ; -   ; -   ; -   ; -   ; -   ; -   ; -   ; 16 ; 16 ; 16 ; 16 ; 16 ; 16 ; -   ;2,42B; -   ; -   ; -   ; 530,00 ; 530,00 ; 530,00 ; -   ; -   ; -   ; -   ; -   ; -   ;;;;
#51;;;N;N;N;N; -   ; -   ; -   ; -   ; -   ; -   ; -   ; -   ; -   ; -   ; -   ; -   ; -   ; -   ; -   ; -   ; -   ; -   ; -   ; -   ; 16 ; 16 ; 16 ; 16 ; 16 ; 16 ; -   ;2,42B; -   ; -   ; -   ; 530,00 ; 530,00 ; 530,00 ; -   ; -   ; -   ; -   ; -   ; -   ;;;;
#52;;;N;N;N;N; -   ; -   ; -   ; -   ; -   ; -   ; -   ; -   ; -   ; -   ; -   ; -   ; -   ; -   ; -   ; -   ; -   ; -   ; -   ; -   ; 16 ; 16 ; 16 ; 16 ; 16 ; 16 ; -   ;2,42B; -   ; -   ; -   ; 530,00 ; 530,00 ; 530,00 ; -   ; -   ; -   ; -   ; -   ; -   ;;;;
#53;;;N;N;N;N; -   ; -   ; -   ; -   ; -   ; -   ; -   ; -   ; -   ; -   ; -   ; -   ; -   ; -   ; -   ; -   ; -   ; -   ; -   ; -   ; 16 ; 16 ; 16 ; 16 ; 16 ; 16 ; -   ;2,42B; -   ; -   ; -   ; 530,00 ; 530,00 ; 530,00 ; -   ; -   ; -   ; -   ; -   ; -   ;;;;
#54;;;N;N;N;N; -   ; -   ; -   ; -   ; -   ; -   ; -   ; -   ; -   ; -   ; -   ; -   ; -   ; -   ; -   ; -   ; -   ; -   ; -   ; -   ; 16 ; 16 ; 16 ; 16 ; 16 ; 16 ; -   ;2,42B; -   ; -   ; -   ; 530,00 ; 530,00 ; 530,00 ; -   ; -   ; -   ; -   ; -   ; -   ;;;;
#55;;;N;N;N;N; -   ; -   ; -   ; -   ; -   ; -   ; -   ; -   ; -   ; -   ; -   ; -   ; -   ; -   ; -   ; -   ; -   ; -   ; -   ; -   ; 16 ; 16 ; 16 ; 16 ; 16 ; 16 ; -   ;2,42B; -   ; -   ; -   ; 530,00 ; 530,00 ; 530,00 ; -   ; -   ; -   ; -   ; -   ; -   ;;;;
#56;;;N;N;N;N; -   ; -   ; -   ; -   ; -   ; -   ; -   ; -   ; -   ; -   ; -   ; -   ; -   ; -   ; -   ; -   ; -   ; -   ; -   ; -   ; 16 ; 16 ; 16 ; 16 ; 16 ; 16 ; -   ;2,42B; -   ; -   ; -   ; 530,00 ; 530,00 ; 530,00 ; -   ; -   ; -   ; -   ; -   ; -   ;;;;
#57;;;N;N;N;N; -   ; -   ; -   ; -   ; -   ; -   ; -   ; -   ; -   ; -   ; -   ; -   ; -   ; -   ; -   ; -   ; -   ; -   ; -   ; -   ; 16 ; 16 ; 16 ; 16 ; 16 ; 16 ; -   ;2,42B; -   ; -   ; -   ; 530,00 ; 530,00 ; 530,00 ; -   ; -   ; -   ; -   ; -   ; -   ;;;;
#58;;;N;N;N;N; -   ; -   ; -   ; -   ; -   ; -   ; -   ; -   ; -   ; -   ; -   ; -   ; -   ; -   ; -   ; -   ; -   ; -   ; -   ; -   ; 16 ; 16 ; 16 ; 16 ; 16 ; 16 ; -   ;2,42B; -   ; -   ; -   ; 530,00 ; 530,00 ; 530,00 ; -   ; -   ; -   ; -   ; -   ; -   ;;;;
;;;;;;;;;;;;;;;;;;;;;;;;;;;;;;;;;;;;;;;;;;;;;;;;;;
Assistant;;;Covenant;;;;Skill Books (Level 4) Not Calculated;;;;Main Skill;;;;Full Ascension;;;;Full Specialties;;;;Full Covenant/Skin;;;;Attributes;;;Totals;;;;;;;;;;;;;;;;;;;;
#;A/U;General;MC;C1;C2;C3;ATK %;DEF %;HP %;MS %;ATK;DEF;HP;MS;ATK2;DEF3;HP4;MS5;ATK6;DEF7;HP8;MS9;ATK10;DEF11;HP12;MS13;ATK14;DEF15;HP16;ATK17;DEF18;HP19;MS20;Inc ATK;;;;;;;;;;;;;;;;
#1;U;Ahmose I;Y;N;N;Y; 25 ; 25 ; 25 ; 12 ; 55 ; 55 ; 40 ; -   ; -   ; -   ; -   ; -   ; 85 ; 10 ; 55 ; 10 ; 33 ; 15 ; 10 ; 8 ; -   ; -   ; -   ; 173 ; 80 ; 105 ; 18 ;37,15B;;;;;;;;;;;;;;;;
#2;A;Rumyantsev;Y;N;N;N; 25 ; 25 ; 25 ; 12 ; 60 ; 40 ; 60 ; -   ; -   ; -   ; -   ; -   ; 80 ; 60 ; 20 ; 6 ; 10 ; 10 ; 10 ; 10 ; -   ; -   ; -   ; 150 ; 110 ; 90 ; 16 ;32,35B;;;;;;;;;;;;;;;;
#3;A;Hatshepsut;Y;N;N;Y; 25 ; 25 ; 25 ; 12 ; 55 ; 40 ; 55 ; -   ; 130 ; 85 ; 70 ; 14 ; 85 ; 60 ; 50 ; 6 ; 28 ; 15 ; 10 ; 5 ; -   ; -   ; -   ; 168 ; 115 ; 115 ; 11 ;32,10B;;;;;;;;;;;;;;;;
#4;U;James Cook;Y;N;N;Y; -   ; 25 ; 25 ; 12 ; 50 ; 40 ; 40 ; -   ; -   ; -   ; -   ; -   ; 75 ; 20 ; 40 ; 10 ; 15 ; 5 ; 15 ; 8 ; -   ;;; 140 ; 65 ; 95 ; 18 ;32,00B;;;;;;;;;;;;;;;;
#5;U;Gonzalo;Y;N;Y;N; 25 ; 25 ; 25 ; 12 ; 55 ; -   ; 55 ; 8 ; -   ; -   ; -   ; -   ; 80 ; 50 ; 60 ; -   ; 20 ; 10 ; 10 ; 6 ; -   ; -   ; -   ; 155 ; 60 ; 125 ; 14 ;31,92B;;;;;;;;;;;;;;;;
#6;U;Visconti;Y;N;N;N; 25 ; 25 ; 25 ; 12 ; 60 ; 60 ; 45 ; -   ; -   ; -   ; -   ; -   ; 85 ; 65 ; 65 ; -   ; 20 ; 15 ; 20 ; 10 ; -   ; -   ; -   ; 165 ; 140 ; 130 ; 10 ;31,03B;;;;;;;;;;;;;;;;
#7;A;Marcian;Y;N;N;N; 25 ; 25 ; 25 ; 12 ; 60 ; 60 ; 45 ; -   ; -   ; -   ; -   ; -   ; 85 ; 75 ; 50 ; -   ; 20 ; 15 ; 20 ; 10 ; -   ; -   ; -   ; 165 ; 150 ; 115 ; 10 ;31,03B;;;;;;;;;;;;;;;;
#8;A;Algernon Sidney;Y;N;N;N; 25 ; 25 ; 25 ; 12 ; 45 ; 45 ; 30 ; -   ; -   ; -   ; -   ; -   ; 70 ; 35 ; 45 ; 6 ; 15 ; 5 ; 10 ; 8 ; -   ; -   ; -   ; 130 ; 85 ; 85 ; 14 ;28,04B;;;;;;;;;;;;;;;;
#9;A;Artemisia I;Y;N;N;N; 25 ; 25 ; 25 ; 12 ; 55 ; 55 ; 35 ; -   ; -   ; -   ; -   ; -   ; 80 ; 40 ; 50 ; -   ; 15 ; 10 ; 10 ; 8 ; -   ; -   ; -   ; 150 ; 105 ; 95 ; 8 ;27,52B;;;;;;;;;;;;;;;;
#10;A;Charles VI;Y;N;N;N; 25 ; 25 ; 25 ; 12 ; 55 ; 40 ; 55 ; -   ; -   ; -   ; -   ; -   ; 75 ; 60 ; 60 ; -   ; 20 ; 10 ; 15 ; 8 ; -   ; -   ; -   ; 150 ; 110 ; 130 ; 8 ;27,52B;;;;;;;;;;;;;;;;
#11;U;Franz Joseph I;Y;Y;N;N; -   ; 25 ; 25 ; 12 ; 50 ; 40 ; 40 ; -   ; -   ; -   ; -   ; -   ; 70 ; 50 ; 40 ; 6 ; 5 ; 10 ; 10 ; 8 ; -   ; -   ; -   ; 125 ; 100 ; 90 ; 14 ;27,27B;;;;;;;;;;;;;;;;
#12;A;Ragnar;Y;Y;N;Y; 25 ; 25 ; 25 ; 12 ; 45 ; 45 ; 35 ; -   ; -   ; -   ; -   ; -   ; 75 ; 45 ; 35 ; 6 ; 20 ; 10 ; 10 ; -   ; -   ; -   ; -   ; 140 ; 100 ; 80 ; 6 ;24,78B;;;;;;;;;;;;;;;;
#13;U;Sigurd;Y;Y;N;N; 25 ; 25 ; 25 ; 12 ; 45 ; 30 ; 45 ; -   ; -   ; -   ; -   ; -   ; 70 ; 50 ; 50 ; -   ; 10 ; 10 ; 10 ; 8 ; -   ; -   ; -   ; 125 ; 90 ; 105 ; 8 ;23,68B;;;;;;;;;;;;;;;;
#14;A;Eleanor;N;N;Y;N; 25 ; 25 ; 25 ; 12 ; 35 ; 35 ; -   ; 10 ; -   ; -   ; -   ; -   ; 70 ; 20 ; 10 ; -   ; -   ; -   ; -   ; -   ; -   ; -   ; -   ; 105 ; 55 ; 10 ; 10 ;21,80B;;;;;;;;;;;;;;;;
#15;A;Charles XII;N;N;N;Y; 25 ; 25 ; 25 ; 12 ; 40 ; 10 ; -   ; 10 ; -   ; -   ; -   ; -   ; 65 ; 30 ; 20 ; -   ; -   ; -   ; -   ; -   ; -   ; -   ; -   ; 105 ; 40 ; 20 ; 10 ;21,80B;;;;;;;;;;;;;;;;
#16;A;Merlin;Y;N;N;Y; 25 ; 25 ; 25 ; 12 ; 45 ; 30 ; 45 ; -   ; -   ; -   ; -   ; -   ; 70 ; 50 ; 25 ; -   ; 5 ; 5 ; 10 ; 5 ; -   ; -   ; -   ; 120 ; 85 ; 80 ; 5 ;21,13B;;;;;;;;;;;;;;;;
#17;A;Douglas;N;N;Y;N; 25 ; 25 ; 25 ; 12 ; 40 ; 15 ; -   ; -   ; -   ; -   ; -   ; -   ; 65 ; 45 ; 10 ; 6 ; 10 ; -   ; -   ; -   ; -   ; -   ; -   ; 115 ; 60 ; 10 ; 6 ;20,96B;;;;;;;;;;;;;;;;
#18;A;Brian Boru;Y;N;N;Y; 25 ; 25 ; 25 ; 12 ; 50 ; 35 ; 50 ;; -   ; -   ; -   ; -   ; 70 ; 45 ; 55 ;; 15 ; 10 ; 15 ;; -   ; -   ; -   ; 135 ; 90 ; 120 ; -   ;20,41B;;;;;;;;;;;;;;;;
#19;U;Louis IX;N;N;Y;Y; -   ; 25 ; 25 ; 12 ; 40 ; 45 ; -   ; -   ; -   ; -   ; -   ; -   ; 70 ; 40 ; 20 ; 6 ; -   ; -   ; -   ; -   ; -   ; -   ; -   ; 110 ; 85 ; 20 ; 6 ;20,19B;;;;;;;;;;;;;;;;
#20;U;Subutai;N;N;N;Y; -   ; 25 ; 25 ; 12 ; 40 ; 20 ; 20 ; -   ; -   ; -   ; -   ; -   ; 65 ; 45 ; 10 ; 6 ; -   ; -   ; -   ; -   ; -   ; -   ; -   ; 105 ; 65 ; 30 ; 6 ;19,43B;;;;;;;;;;;;;;;;
#21;A;Marcus Agrippa;Y;N;N;N; 25 ; 25 ; 25 ; 12 ; 40 ; 30 ; 30 ; -   ; -   ; -   ; -   ; -   ; 70 ; 60 ; 10 ; -   ; 15 ; 5 ; 5 ; -   ; -   ; -   ; -   ; 125 ; 95 ; 45 ; -   ;18,90B;;;;;;;;;;;;;;;;
#22;U;Winfield Scott;N;N;N;N; 25 ; 25 ; 25 ; 12 ; 25 ; -   ; -   ; -   ; -   ; -   ; -   ; -   ; 61 ; 10 ; -   ; 10 ; -   ; -   ; -   ; -   ; -   ; -   ; -   ; 86 ; 10 ; -   ; 10 ;18,88B;;;;;;;;;;;;;;;;
#23;A;Elektra;N;Y;N;N; 25 ; 25 ; 25 ; 12 ; 35 ; -   ; -   ; -   ; -   ; -   ; -   ; -   ; 56 ; 10 ; 20 ; 6 ; 10 ; -   ; 15 ; -   ; -   ; -   ; -   ; 101 ; 10 ; 35 ; 6 ;18,82B;;;;;;;;;;;;;;;;
#24;U;Li Shimin;N;N;Y;N; 25 ; 25 ; 25 ; 12 ; 15 ; -   ; -   ; 10 ; -   ; -   ; -   ; -   ; 46 ; 26 ; 36 ; 6 ; -   ; -   ; -   ; -   ; -   ; -   ; -   ; 61 ; 26 ; 36 ; 16 ;18,51B;;;;;;;;;;;;;;;;
#25;A;Maarten Tromp (SvS);N;N;N;N; 25 ; 25 ; 25 ; 12 ; 55 ; 20 ; -   ; -   ; -   ; -   ; -   ; -   ; 65 ; 20 ; 40 ; -   ; -   ; -   ; -   ; -   ; -   ; -   ; -   ; 120 ; 40 ; 40 ; -   ;18,14B;;;;;;;;;;;;;;;;
#26;A;Simeon the Great;N;N;N;N; 25 ; 25 ; 25 ; 12 ; 35 ; -   ; -   ; -   ; -   ; -   ; -   ; -   ; 61 ; 45 ; -   ; 6 ; -   ; -   ; -   ; -   ; -   ; -   ; -   ; 96 ; 45 ; -   ; 6 ;18,05B;;;;;;;;;;;;;;;;
#27;U;Godfrey of Bouillon;Y;N;N;N; 25 ; 25 ; 25 ; 12 ; 40 ; 10 ; 40 ; -   ; -   ; -   ; -   ; -   ; 50 ; 30 ; 30 ; 6 ; 5 ; 5 ; -   ; -   ; -   ; -   ; -   ; 95 ; 45 ; 70 ; 6 ;17,90B;;;;;;;;;;;;;;;;
#28;A;Alfred the Great;N;N;Y;N; 25 ; 25 ; 25 ; 12 ; 30 ; -   ; -   ; -   ; -   ; -   ; -   ; -   ; 65 ; 20 ; 10 ; 6 ; -   ; -   ; -   ; -   ; -   ; -   ; -   ; 95 ; 20 ; 10 ; 6 ;17,90B;;;;;;;;;;;;;;;;
#29;U;Minamoto No Yoshitsune;N;Y;N;N; -   ; 25 ; 25 ; 12 ; 40 ; -   ; -   ; -   ; -   ; -   ; -   ; -   ; 76 ; 10 ; 20 ; -   ; -   ; -   ; -   ; -   ; -   ; -   ; -   ; 116 ; 10 ; 20 ; -   ;17,54B;;;;;;;;;;;;;;;;
#30;A;Genghis Khan;N;Y;N;N; 25 ; 25 ; 25 ; -   ; -   ; -   ; -   ; 15 ; -   ; -   ; -   ; -   ; -   ; -   ; -   ; 16 ; -   ; -   ; -   ; -   ; -   ; -   ; -   ; -   ; -   ; -   ; 31 ;17,49B;;;;;;;;;;;;;;;;
#31;A;Princess Kaguya;N;N;N;N; 25 ; 25 ; 25 ; 12 ; 35 ; -   ; 30 ; -   ; -   ; -   ; -   ; -   ; 56 ; 25 ; 15 ; 6 ; -   ; -   ; -   ; -   ; -   ; -   ; -   ; 91 ; 25 ; 45 ; 6 ;17,29B;;;;;;;;;;;;;;;;
#32;A;Mihai;N;N;N;N; 25 ; 25 ; 25 ; 12 ; 45 ; 45 ; -   ; -   ; -   ; -   ; -   ; -   ; 65 ; 50 ; 20 ; -   ; -   ; -   ; -   ; -   ; -   ; -   ; -   ; 110 ; 95 ; 20 ; -   ;16,63B;;;;;;;;;;;;;;;;
#33;U;Tachibana Ginchiyo;Y;N;Y;N; -   ; 25 ; 25 ; 12 ; 45 ; 35 ; 35 ; -   ; -   ; -   ; -   ; -   ; 55 ; 50 ; 50 ; -   ; 5 ; 10 ; 10 ; -   ; -   ; -   ; -   ; 105 ; 95 ; 95 ; -   ;15,88B;;;;;;;;;;;;;;;;
#34;A;Wallenstein;N;N;N;N; 25 ; 25 ; 25 ; 12 ; 25 ; -   ; -   ; -   ; -   ; -   ; -   ; -   ; 66 ; -   ; 10 ; -   ; -   ; -   ; -   ; -   ; -   ; -   ; -   ; 91 ; -   ; 10 ; -   ;13,76B;;;;;;;;;;;;;;;;
#35;U;Arthur Wellesley;N;N;N;N; 25 ; 25 ; 25 ; 12 ; 40 ; 25 ; 25 ; -   ; -   ; -   ; -   ; -   ; 50 ; 50 ; 40 ; -   ; -   ; -   ; -   ; -   ; -   ; -   ; -   ; 90 ; 75 ; 65 ; -   ;13,61B;;;;;;;;;;;;;;;;
#36;U;Edward III;N;Y;Y;Y; 25 ; 25 ; 25 ; 12 ; 25 ; 15 ; -   ; -   ; -   ; -   ; -   ; -   ; 65 ; 10 ; 35 ; -   ; -   ; -   ; -   ; -   ; -   ; -   ; -   ; 90 ; 25 ; 35 ; -   ;13,61B;;;;;;;;;;;;;;;;
#37;A;Tomyris;N;Y;N;N; 25 ; 25 ; 25 ; 12 ; 35 ; -   ; -   ; -   ; -   ; -   ; -   ; -   ; 55 ; 10 ; 45 ; -   ; -   ; -   ; -   ; -   ; -   ; -   ; -   ; 90 ; 10 ; 45 ; -   ;13,61B;;;;;;;;;;;;;;;;
#38;A;Gnarr;N;Y;N;Y; 25 ; 25 ; 25 ; 12 ; 35 ; -   ; -   ; -   ; -   ; -   ; -   ; -   ; 51 ; -   ; 10 ; -   ; -   ; -   ; -   ; -   ; -   ; -   ; -   ; 86 ; -   ; 10 ; -   ;13,00B;;;;;;;;;;;;;;;;
#39;A;James Conrad;N;N;N;N; 25 ; 25 ; 25 ; 12 ; 30 ; 35 ; 35 ; -   ; -   ; -   ; -   ; -   ; 50 ; 20 ; 40 ; -   ; -   ; -   ; -   ; -   ; -   ; -   ; -   ; 80 ; 55 ; 75 ; -   ;12,10B;;;;;;;;;;;;;;;;
#40;U;Elizabeth I;N;N;Y;N; 25 ; 25 ; 25 ; 12 ; 15 ; -   ; -   ; -   ; -   ; -   ; -   ; -   ; 40 ; 20 ; 10 ; 6 ;;;;; -   ; -   ; -   ; 55 ; 20 ; 10 ; 6 ;11,79B;;;;;;;;;;;;;;;;
#41;U;Henry V;N;N;Y;N; 25 ; 25 ; 25 ; 12 ; 30 ; 10 ; 10 ; -   ; -   ; -   ; -   ; -   ; 46 ; 10 ; -   ; -   ; -   ; -   ; -   ; -   ; -   ; -   ; -   ; 76 ; 20 ; 10 ; -   ;11,49B;;;;;;;;;;;;;;;;
#42;A;Thutmose III;N;N;Y;N; 25 ; 25 ; 25 ; 12 ; 30 ; -   ; -   ; -   ; -   ; -   ; -   ; -   ; 46 ; 30 ; -   ; -   ; -   ; -   ; -   ; -   ; -   ; -   ; -   ; 76 ; 30 ; -   ; -   ;11,49B;;;;;;;;;;;;;;;;
#43;U;Edward the Black Prince;N;Y;N;N; -   ; 25 ; 25 ; 12 ; 25 ; -   ; -   ; -   ; -   ; -   ; -   ; -   ; 46 ; 10 ; 46 ; -   ; -   ; -   ; -   ; -   ; -   ; -   ; -   ; 71 ; 10 ; 46 ; -   ;10,74B;;;;;;;;;;;;;;;;
#44;U;Mason Weaver;N;N;N;N; 25 ; 25 ; 25 ; 12 ; 20 ; 25 ; 25 ; -   ; -   ; -   ; -   ; -   ; 50 ; 10 ; 20 ; -   ; -   ; -   ; -   ; -   ; -   ; -   ; -   ; 70 ; 35 ; 45 ; -   ;10,58B;;;;;;;;;;;;;;;;
#45;U;Jumong;N;N;N;N; -   ; 25 ; 25 ; 12 ; 35 ; -   ; -   ; -   ; -   ; -   ; -   ; -   ; 26 ; 16 ; 10 ; -   ; -   ; -   ; -   ; -   ; -   ; -   ; -   ; 61 ; 16 ; 10 ; -   ;9,22B;;;;;;;;;;;;;;;;
#46;U;Toyotomi;N;N;N;N; 25 ; 25 ; 25 ; 12 ; 20 ; 10 ; 10 ; -   ; -   ; -   ; -   ; -   ; 30 ; 20 ; 30 ; -   ; -   ; -   ; -   ; -   ; -   ; -   ; -   ; 50 ; 30 ; 40 ; -   ;7,56B;;;;;;;;;;;;;;;;
#47;U;Gustavus Adolphus;N;Y;N;N; 25 ; 25 ; 25 ; 12 ; 15 ; -   ; -   ; -   ; -   ; -   ; -   ; -   ; 26 ; -   ; 16 ; -   ; -   ; -   ; -   ; -   ; -   ; -   ; -   ; 41 ; -   ; 16 ; -   ;6,20B;;;;;;;;;;;;;;;;
#48;;;N;N;N;N; -   ; -   ; -   ; -   ; -   ; -   ; -   ; -   ; -   ; -   ; -   ; -   ; -   ; -   ; -   ; -   ; -   ; -   ; -   ; -   ; -   ; -   ; -   ; -   ; -   ; -   ; -   ;0,00B;;;;;;;;;;;;;;;;
#49;;;N;N;N;N; -   ; -   ; -   ; -   ; -   ; -   ; -   ; -   ; -   ; -   ; -   ; -   ; -   ; -   ; -   ; -   ; -   ; -   ; -   ; -   ; -   ; -   ; -   ; -   ; -   ; -   ; -   ;0,00B;;;;;;;;;;;;;;;;
#50;;;N;N;N;N; -   ; -   ; -   ; -   ; -   ; -   ; -   ; -   ; -   ; -   ; -   ; -   ; -   ; -   ; -   ; -   ; -   ; -   ; -   ; -   ; -   ; -   ; -   ; -   ; -   ; -   ; -   ;0,00B;;;;;;;;;;;;;;;;
#51;;;N;N;N;N; -   ; -   ; -   ; -   ; -   ; -   ; -   ; -   ; -   ; -   ; -   ; -   ; -   ; -   ; -   ; -   ; -   ; -   ; -   ; -   ; -   ; -   ; -   ; -   ; -   ; -   ; -   ;0,00B;;;;;;;;;;;;;;;;
#52;;;N;N;N;N; -   ; -   ; -   ; -   ; -   ; -   ; -   ; -   ; -   ; -   ; -   ; -   ; -   ; -   ; -   ; -   ; -   ; -   ; -   ; -   ; -   ; -   ; -   ; -   ; -   ; -   ; -   ;0,00B;;;;;;;;;;;;;;;;
#53;;;N;N;N;N; -   ; -   ; -   ; -   ; -   ; -   ; -   ; -   ; -   ; -   ; -   ; -   ; -   ; -   ; -   ; -   ; -   ; -   ; -   ; -   ; -   ; -   ; -   ; -   ; -   ; -   ; -   ;0,00B;;;;;;;;;;;;;;;;
#54;;;N;N;N;N; -   ; -   ; -   ; -   ; -   ; -   ; -   ; -   ; -   ; -   ; -   ; -   ; -   ; -   ; -   ; -   ; -   ; -   ; -   ; -   ; -   ; -   ; -   ; -   ; -   ; -   ; -   ;0,00B;;;;;;;;;;;;;;;;
#55;;;N;N;N;N; -   ; -   ; -   ; -   ; -   ; -   ; -   ; -   ; -   ; -   ; -   ; -   ; -   ; -   ; -   ; -   ; -   ; -   ; -   ; -   ; -   ; -   ; -   ; -   ; -   ; -   ; -   ;0,00B;;;;;;;;;;;;;;;;
#56;;;N;N;N;N; -   ; -   ; -   ; -   ; -   ; -   ; -   ; -   ; -   ; -   ; -   ; -   ; -   ; -   ; -   ; -   ; -   ; -   ; -   ; -   ; -   ; -   ; -   ; -   ; -   ; -   ; -   ;0,00B;;;;;;;;;;;;;;;;
#57;;;N;N;N;N; -   ; -   ; -   ; -   ; -   ; -   ; -   ; -   ; -   ; -   ; -   ; -   ; -   ; -   ; -   ; -   ; -   ; -   ; -   ; -   ; -   ; -   ; -   ; -   ; -   ; -   ; -   ;0,00B;;;;;;;;;;;;;;;;
#58;;;N;N;N;N; -   ; -   ; -   ; -   ; -   ; -   ; -   ; -   ; -   ; -   ; -   ; -   ; -   ; -   ; -   ; -   ; -   ; -   ; -   ; -   ; -   ; -   ; -   ; -   ; -   ; -   ; -   ;0,00B;;;;;;;;;;;;;;;;
